<?xml version="1.0"?>
<!--<!DOCTYPE metadata SYSTEM "http://www.esri.com/metadata/esriprof80.dtd">-->
<metadata xml:lang="en"><Esri><CreaDate>20090911</CreaDate><CreaTime>13554300</CreaTime><SyncOnce>TRUE</SyncOnce><MetaID>{5891C976-09D9-43D8-8599-3F8806519E05}</MetaID></Esri><idinfo><citation><citeinfo><onlink Sync="TRUE">\\AA.AD.EPA.GOV\ORD\NAR\Users\EC2\JHollist\Projects\EcoServices\LakeVolume\Data\PartridgeExample\PartidgeLake</onlink></citeinfo></citation></idinfo><distInfo><distributor><distorTran><onLineSrc><linkage Sync="TRUE">file://\\AA.AD.EPA.GOV\ORD\NAR\Users\EC2\JHollist\Projects\EcoServices\LakeVolume\Data\PartridgeExample\PartidgeLake</linkage><protocol Sync="TRUE">Local Area Network</protocol></onLineSrc></distorTran></distributor></distInfo><dataqual><lineage><procstep><procdesc Sync="TRUE">Dataset copied.</procdesc><srcused Sync="TRUE">C:\scratch\LakeVolume\Data\PartidgeLake</srcused><procdate Sync="TRUE">20090909</procdate><proctime Sync="TRUE">16421200</proctime></procstep><procstep><procdesc Sync="TRUE">Dataset copied.</procdesc><srcused Sync="TRUE">M:\Projects\EcoServices\LakeVolume\Data\PartidgeLake</srcused><procdate Sync="TRUE">20090911</procdate><proctime Sync="TRUE">13554300</proctime></procstep></lineage></dataqual></metadata>
